<?xml version="1.0" encoding="UTF-8"?>
<GenRun Id="impl_1" LaunchPart="xc7a35tcpg236-1" LaunchTime="1527516382">
  <File Type="OPT-DCP" Name="SingleCycleCPU_opt.dcp"/>
  <File Type="RUN-CONSTRS" Name="$PDATADIR/runs/impl_1/constrs_in.xml"/>
  <File Type="RUN-SRCS" Name="$PDATADIR/runs/impl_1/sources.xml"/>
  <File Type="PWROPT-DCP" Name="SingleCycleCPU_pwropt.dcp"/>
  <File Type="ROUTE-DCP" Name="SingleCycleCPU_routed.dcp"/>
  <File Type="PA-TCL" Name="SingleCycleCPU.tcl"/>
  <File Type="RUN-STRAT" Name="$PDATADIR/runs/impl_1/impl_1.psg"/>
  <File Type="OPT-DRC" Name="SingleCycleCPU_drc_opted.rpt"/>
  <File Type="PWROPT-DRC" Name="SingleCycleCPU_drc_pwropted.rpt"/>
  <File Type="OPT-HWDEF" Name="SingleCycleCPU.hwdef"/>
  <File Type="PLACE-DCP" Name="SingleCycleCPU_placed.dcp"/>
  <File Type="PLACE-IO" Name="SingleCycleCPU_io_placed.rpt"/>
  <File Type="PLACE-CLK" Name="SingleCycleCPU_clock_utilization_placed.rpt"/>
  <File Type="PLACE-UTIL" Name="SingleCycleCPU_utilization_placed.rpt"/>
  <File Type="PLACE-UTIL-PB" Name="SingleCycleCPU_utilization_placed.pb"/>
  <File Type="PLACE-CTRL" Name="SingleCycleCPU_control_sets_placed.rpt"/>
  <File Type="PLACE-SIMILARITY" Name="SingleCycleCPU_incremental_reuse_placed.rpt"/>
  <File Type="PLACE-PRE-SIMILARITY" Name="SingleCycleCPU_incremental_reuse_pre_placed.rpt"/>
  <File Type="POSTPLACE-PWROPT-DCP" Name="SingleCycleCPU_postplace_pwropt.dcp"/>
  <File Type="PHYSOPT-DCP" Name="SingleCycleCPU_physopt.dcp"/>
  <File Type="RDI-RDI" Name="SingleCycleCPU.vdi"/>
  <File Type="PHYSOPT-DRC" Name="SingleCycleCPU_drc_physopted.rpt"/>
  <File Type="ROUTE-DRC" Name="SingleCycleCPU_drc_routed.rpt"/>
  <File Type="ROUTE-DRC-PB" Name="SingleCycleCPU_drc_routed.pb"/>
  <File Type="ROUTE-PWR" Name="SingleCycleCPU_power_routed.rpt"/>
  <File Type="ROUTE-PWR-SUM" Name="SingleCycleCPU_power_summary_routed.pb"/>
  <File Type="ROUTE-STATUS" Name="SingleCycleCPU_route_status.rpt"/>
  <File Type="ROUTE-STATUS-PB" Name="SingleCycleCPU_route_status.pb"/>
  <File Type="ROUTE-TIMINGSUMMARY" Name="SingleCycleCPU_timing_summary_routed.rpt"/>
  <File Type="ROUTE-TIMING-PB" Name="SingleCycleCPU_timing_summary_routed.pb"/>
  <File Type="ROUTE-TIMING-RPX" Name="SingleCycleCPU_timing_summary_routed.rpx"/>
  <File Type="ROUTE-SIMILARITY" Name="SingleCycleCPU_incremental_reuse_routed.rpt"/>
  <File Type="ROUTE-CLK" Name="SingleCycleCPU_clock_utilization_routed.rpt"/>
  <File Type="POSTROUTE-PHYSOPT-DCP" Name="SingleCycleCPU_postroute_physopt.dcp"/>
  <File Type="POSTROUTE-PHYSOPT-TIMING" Name="SingleCycleCPU_timing_summary_postroute_physopted.rpt"/>
  <File Type="POSTROUTE-PHYSOPT-TIMING-PB" Name="SingleCycleCPU_timing_summary_postroute_physopted.pb"/>
  <File Type="POSTROUTE-PHYSOPT-TIMING-RPX" Name="SingleCycleCPU_timing_summary_postroute_physopted.rpx"/>
  <File Type="BG-BIT" Name="SingleCycleCPU.bit"/>
  <File Type="BG-BIN" Name="SingleCycleCPU.bin"/>
  <File Type="BITSTR-MSK" Name="SingleCycleCPU.msk"/>
  <File Type="BITSTR-RBT" Name="SingleCycleCPU.rbt"/>
  <File Type="BITSTR-NKY" Name="SingleCycleCPU.nky"/>
  <File Type="BITSTR-BMM" Name="SingleCycleCPU_bd.bmm"/>
  <File Type="BITSTR-MMI" Name="SingleCycleCPU.mmi"/>
  <File Type="BITSTR-SYSDEF" Name="SingleCycleCPU.sysdef"/>
  <File Type="BG-BGN" Name="SingleCycleCPU.bgn"/>
  <File Type="BG-DRC" Name="SingleCycleCPU.drc"/>
  <File Type="WBT-USG" Name="usage_statistics_webtalk.html"/>
  <FileSet Name="sources" Type="DesignSrcs" RelSrcDir="$PSRCDIR/sources_1">
    <Filter Type="Srcs"/>
    <File Path="$PSRCDIR/sources_1/new/ExtendSa.v">
      <FileInfo>
        <Attr Name="UsedIn" Val="synthesis"/>
        <Attr Name="UsedIn" Val="implementation"/>
        <Attr Name="UsedIn" Val="simulation"/>
      </FileInfo>
    </File>
    <File Path="$PSRCDIR/sources_1/new/SignZeroExtend.v">
      <FileInfo>
        <Attr Name="UsedIn" Val="synthesis"/>
        <Attr Name="UsedIn" Val="implementation"/>
        <Attr Name="UsedIn" Val="simulation"/>
      </FileInfo>
    </File>
    <File Path="$PSRCDIR/sources_1/new/Select5.v">
      <FileInfo>
        <Attr Name="UsedIn" Val="synthesis"/>
        <Attr Name="UsedIn" Val="implementation"/>
        <Attr Name="UsedIn" Val="simulation"/>
      </FileInfo>
    </File>
    <File Path="$PSRCDIR/sources_1/new/Select32.v">
      <FileInfo>
        <Attr Name="UsedIn" Val="synthesis"/>
        <Attr Name="UsedIn" Val="implementation"/>
        <Attr Name="UsedIn" Val="simulation"/>
      </FileInfo>
    </File>
    <File Path="$PSRCDIR/sources_1/new/RegisterFile.v">
      <FileInfo>
        <Attr Name="UsedIn" Val="synthesis"/>
        <Attr Name="UsedIn" Val="implementation"/>
        <Attr Name="UsedIn" Val="simulation"/>
      </FileInfo>
    </File>
    <File Path="$PSRCDIR/sources_1/new/PC.v">
      <FileInfo>
        <Attr Name="UsedIn" Val="synthesis"/>
        <Attr Name="UsedIn" Val="implementation"/>
        <Attr Name="UsedIn" Val="simulation"/>
      </FileInfo>
    </File>
    <File Path="$PSRCDIR/sources_1/new/NextPC.v">
      <FileInfo>
        <Attr Name="UsedIn" Val="synthesis"/>
        <Attr Name="UsedIn" Val="implementation"/>
        <Attr Name="UsedIn" Val="simulation"/>
      </FileInfo>
    </File>
    <File Path="$PSRCDIR/sources_1/new/JumpPC.v">
      <FileInfo>
        <Attr Name="UsedIn" Val="synthesis"/>
        <Attr Name="UsedIn" Val="implementation"/>
        <Attr Name="UsedIn" Val="simulation"/>
      </FileInfo>
    </File>
    <File Path="$PSRCDIR/sources_1/new/InstructionMemory.v">
      <FileInfo>
        <Attr Name="UsedIn" Val="synthesis"/>
        <Attr Name="UsedIn" Val="implementation"/>
        <Attr Name="UsedIn" Val="simulation"/>
      </FileInfo>
    </File>
    <File Path="$PSRCDIR/sources_1/new/DataMemory.v">
      <FileInfo>
        <Attr Name="UsedIn" Val="synthesis"/>
        <Attr Name="UsedIn" Val="implementation"/>
        <Attr Name="UsedIn" Val="simulation"/>
      </FileInfo>
    </File>
    <File Path="$PSRCDIR/sources_1/new/ControlUnit.v">
      <FileInfo>
        <Attr Name="UsedIn" Val="synthesis"/>
        <Attr Name="UsedIn" Val="implementation"/>
        <Attr Name="UsedIn" Val="simulation"/>
      </FileInfo>
    </File>
    <File Path="$PSRCDIR/sources_1/new/ALU.v">
      <FileInfo>
        <Attr Name="UsedIn" Val="synthesis"/>
        <Attr Name="UsedIn" Val="implementation"/>
        <Attr Name="UsedIn" Val="simulation"/>
      </FileInfo>
    </File>
    <File Path="$PSRCDIR/sources_1/new/SingleCycleCpu.v">
      <FileInfo>
        <Attr Name="UsedIn" Val="synthesis"/>
        <Attr Name="UsedIn" Val="implementation"/>
        <Attr Name="UsedIn" Val="simulation"/>
      </FileInfo>
    </File>
    <File Path="$PPRDIR/../singleTest/singleTest.srcs/sources_1/new/KeyOn.v">
      <FileInfo>
        <Attr Name="AutoDisabled" Val="1"/>
        <Attr Name="UsedIn" Val="synthesis"/>
        <Attr Name="UsedIn" Val="implementation"/>
        <Attr Name="UsedIn" Val="simulation"/>
      </FileInfo>
    </File>
    <File Path="$PPRDIR/../singleTest/singleTest.srcs/sources_1/new/MUX.v">
      <FileInfo>
        <Attr Name="AutoDisabled" Val="1"/>
        <Attr Name="UsedIn" Val="synthesis"/>
        <Attr Name="UsedIn" Val="implementation"/>
        <Attr Name="UsedIn" Val="simulation"/>
      </FileInfo>
    </File>
    <File Path="$PPRDIR/../singleTest/singleTest.srcs/sources_1/new/Shift.v">
      <FileInfo>
        <Attr Name="AutoDisabled" Val="1"/>
        <Attr Name="UsedIn" Val="synthesis"/>
        <Attr Name="UsedIn" Val="implementation"/>
        <Attr Name="UsedIn" Val="simulation"/>
      </FileInfo>
    </File>
    <File Path="$PPRDIR/../singleTest/singleTest.srcs/sources_1/new/CLOCK.v">
      <FileInfo>
        <Attr Name="AutoDisabled" Val="1"/>
        <Attr Name="UsedIn" Val="synthesis"/>
        <Attr Name="UsedIn" Val="implementation"/>
        <Attr Name="UsedIn" Val="simulation"/>
      </FileInfo>
    </File>
    <Config>
      <Option Name="DesignMode" Val="RTL"/>
      <Option Name="TopModule" Val="SingleCycleCPU"/>
      <Option Name="TopAutoSet" Val="TRUE"/>
    </Config>
  </FileSet>
  <FileSet Name="constrs_in" Type="Constrs" RelSrcDir="$PSRCDIR/constrs_1">
    <Filter Type="Constrs"/>
    <Config>
      <Option Name="ConstrsType" Val="XDC"/>
    </Config>
  </FileSet>
  <Strategy Version="1" Minor="2">
    <StratHandle Name="Vivado Implementation Defaults" Flow="Vivado Implementation 2015"/>
    <Step Id="init_design"/>
    <Step Id="opt_design"/>
    <Step Id="power_opt_design"/>
    <Step Id="place_design"/>
    <Step Id="post_place_power_opt_design"/>
    <Step Id="phys_opt_design"/>
    <Step Id="route_design"/>
    <Step Id="post_route_phys_opt_design"/>
    <Step Id="write_bitstream"/>
  </Strategy>
</GenRun>
